{"cameraMode":{"drawMode":0,"name":"Shaded","section":"Shading Mode"},"sceneLighting":false,"audioPlay":false,"sceneViewState":{"m_AlwaysRefresh":false,"showFog":true,"showSkybox":false,"showFlares":true,"showImageEffects":true,"showParticleSystems":true,"showVisualEffectGraphs":true,"m_FxEnabled":true},"in2DMode":false,"pivot":{"x":2.0345351696014406,"y":0.5787694454193115,"z":-2.4862754344940187},"rotation":{"x":0.1942998170852661,"y":-0.3851276636123657,"z":0.08331136405467987,"w":0.8983517289161682},"size":0.9612587094306946,"orthographic":false}