{"cameraMode":{"drawMode":0,"name":"Shaded","section":"Shading Mode"},"sceneLighting":true,"audioPlay":false,"sceneViewState":{"m_AlwaysRefresh":false,"showFog":true,"showSkybox":true,"showFlares":true,"showImageEffects":true,"showParticleSystems":true,"showVisualEffectGraphs":true,"m_FxEnabled":true},"in2DMode":false,"pivot":{"x":-1.0459063053131104,"y":0.6216796636581421,"z":6.144863605499268},"rotation":{"x":-0.05514858663082123,"y":0.14979396760463715,"z":-0.008366193622350693,"w":-0.9871463775634766},"size":7.03378963470459,"orthographic":false}