{"cameraMode":{"drawMode":0,"name":"Shaded","section":"Shading Mode"},"sceneLighting":false,"audioPlay":false,"sceneViewState":{"m_AlwaysRefresh":false,"showFog":true,"showSkybox":false,"showFlares":true,"showImageEffects":true,"showParticleSystems":true,"showVisualEffectGraphs":true,"m_FxEnabled":true},"in2DMode":false,"pivot":{"x":0.4891904592514038,"y":1.8225409984588624,"z":0.9847719669342041},"rotation":{"x":0.10047028958797455,"y":0.8616870045661926,"z":-0.18799880146980287,"w":0.4605003595352173},"size":2.0838217735290529,"orthographic":false}